cell_line,depmap_id,sample,smarca2,smarca4,smarca4_mutations
A549,ACH-000681,A549_LUNG,5.6484,Truncating,Q729Cfs*4
ABC-1,ACH-000528,ABC1_LUNG,7.1508,WT,
COLO-699,ACH-001041,COLO699_LUNG,8.2344,WT,
COR-L105,ACH-000161,CORL105_LUNG,7.0418,WT,
Calu-3,ACH-000392,CALU3_LUNG,4.2664,WT,
DV-90,ACH-000925,DV90_LUNG,14.9778,Missense/other,S266L
EKVX,ACH-000706,EKVX_LUNG,4.4389,Truncating,Q418*
HCC-1171,ACH-000578,HCC1171_LUNG,4.8435,WT,
HCC-1833,ACH-000712,HCC1833_LUNG,4.0928,WT,
HCC-2108,ACH-000314,HCC2108_LUNG,4.2793,Truncating,K1332Sfs*26
HCC-2279,ACH-000731,HCC2279_LUNG,1.8588,WT,
HCC-44,ACH-000667,HCC44_LUNG,4.039,WT,
HCC-78,ACH-000562,HCC78_LUNG,10.2428,WT,
HCC2935,ACH-000150,HCC2935_LUNG,14.8717,WT,
HCC364,ACH-000575,HCC364_LUNG,17.8979,WT,
HCC4006,ACH-000066,HCC4006_LUNG,25.1654,WT,
HCC827,ACH-000012,HCC827_LUNG,6.29,WT,
HCC827 GR5,ACH-000029,HCC827GR5_LUNG,10.2152,WT,
HOP-62,ACH-000861,HOP62_LUNG,4.9929,WT,
LXF-289,ACH-000787,LXF289_LUNG,15.5726,WT,
MOR/CPR,ACH-000851,MORCPR_LUNG,1.884,WT,
NCI-H1355,ACH-000666,NCIH1355_LUNG,2.9205,WT,
NCI-H1373,ACH-000845,NCIH1373_LUNG,6.8038,WT,
NCI-H1395,ACH-000327,NCIH1395_LUNG,11.878,WT,
NCI-H1435,ACH-000852,NCIH1435_LUNG,8.2022,Missense/other,G1162C
NCI-H1437,ACH-000589,NCIH1437_LUNG,4.5868,WT,
NCI-H1563,ACH-000892,NCIH1563_LUNG,16.9782,WT,
NCI-H1568,ACH-000869,NCIH1568_LUNG,6.5899,Truncating,E1449*
NCI-H1573,ACH-000916,NCIH1573_LUNG,6.0034,Truncating,E1399*
NCI-H1623,ACH-000744,NCIH1623_LUNG,2.8071,WT,
NCI-H1648,ACH-000766,NCIH1648_LUNG,1.8609,WT,
NCI-H1650,ACH-000035,NCIH1650_LUNG,8.926,Missense/other,N1164Y
NCI-H1651,ACH-000893,NCIH1651_LUNG,4.5542,WT,
NCI-H1666,ACH-000448,NCIH1666_LUNG,3.5872,WT,
NCI-H1693,ACH-000021,NCIH1693_LUNG,3.1266,Truncating,L1085Qfs*32
NCI-H1734,ACH-000675,NCIH1734_LUNG,3.4708,WT,
NCI-H1755,ACH-000282,NCIH1755_LUNG,3.9376,WT,
NCI-H1781,ACH-000379,NCIH1781_LUNG,2.3064,WT,
NCI-H1792,ACH-000496,NCIH1792_LUNG,5.3751,WT,
NCI-H1793,ACH-000888,NCIH1793_LUNG,9.7953,Truncating,E514*
NCI-H1838,ACH-000733,NCIH1838_LUNG,3.2289,WT,
NCI-H1944,ACH-000414,NCIH1944_LUNG,3.7355,WT,
NCI-H1975,ACH-000587,NCIH1975_LUNG,5.8198,WT,
NCI-H2009,ACH-000886,NCIH2009_LUNG,7.2862,WT,
NCI-H2023,ACH-000781,NCIH2023_LUNG,3.9312,Truncating,S828Pfs*3
NCI-H2030,ACH-000521,NCIH2030_LUNG,1.5384,WT,
NCI-H2073,ACH-000590,NCIH2073_LUNG,7.3183,WT,
NCI-H2085,ACH-000451,NCIH2085_LUNG,8.7374,Truncating,E463*
NCI-H2087,ACH-000841,NCIH2087_LUNG,2.9715,WT,
NCI-H2122,ACH-000311,NCIH2122_LUNG,10.0405,WT,
NCI-H2126,ACH-000785,NCIH2126_LUNG,3.3883,Missense/other,W764R
NCI-H2228,ACH-000447,NCIH2228_LUNG,4.6602,WT,
NCI-H2291,ACH-000718,NCIH2291_LUNG,4.0722,WT,
NCI-H23,ACH-000900,NCIH23_LUNG,0.4646,Truncating,K1566_E1567delinsN*; K1566N; E1567*
NCI-H2342,ACH-000951,NCIH2342_LUNG,5.0779,Missense/other,E861K
NCI-H2347,ACH-000875,NCIH2347_LUNG,1.3573,WT,
NCI-H2405,ACH-000121,NCIH2405_LUNG,1.5271,WT,
NCI-H322,ACH-000837,NCIH322_LUNG,5.1125,WT,
NCI-H3255,ACH-000109,NCIH3255_LUNG,1.7662,WT,
NCI-H358,ACH-000860,NCIH358_LUNG,7.3995,WT,
NCI-H441,ACH-000638,NCIH441_LUNG,10.2067,WT,
NCI-H522,ACH-000343,NCIH522_LUNG,0.0622,Truncating,P270Rfs*16
NCI-H650,ACH-000945,NCIH650_LUNG,0.7497,Missense/other,D1235Y; R885L
NCI-H838,ACH-000416,NCIH838_LUNG,6.9942,Truncating,X873_splice
NCI-H854,ACH-000710,NCIH854_LUNG,3.3059,WT,
PC-14,ACH-000030,PC14_LUNG,4.4761,WT,
RERF-LC-Ad1,ACH-000791,RERFLCAD1_LUNG,6.8666,WT,
RERF-LC-Ad2,ACH-000774,RERFLCAD2_LUNG,4.0885,WT,
RERF-LC-KJ,ACH-000482,RERFLCKJ_LUNG,13.9968,WT,
RERF-LC-MS,ACH-000062,RERFLCMS_LUNG,7.2822,WT,
SK-LU-1,ACH-000309,SKLU1_LUNG,8.0388,WT,
SW 1573,ACH-000677,SW1573_LUNG,11.2048,WT,
,ACH-000757,A427_LUNG,0.1547,WT,
,ACH-000339,HCC461_LUNG,7.4471,WT,
,ACH-000872,HCC515_LUNG,3.6206,Truncating,E608*
,ACH-000033,NCIH1819_LUNG,7.2015,Truncating,L1085Qfs*32
,ACH-000010,NCIH2077_LUNG,0.052,Truncating,E1310*
,ACH-000337,NCIH3122_LUNG,3.2409,WT,
,ACH-000779,PC9_LUNG,3.1542,WT,
