cell_line,depmap_id,sample,smarca2_protein,smarca4_protein,smarca4,smarca4_mutations
A549,ACH-000681,A549_LUNG,0.6138,-1.8903,Truncating,Q729Cfs*4
ABC-1,ACH-000528,ABC1_LUNG,-0.1252,-0.2116,WT,
COR-L105,ACH-000161,CORL105_LUNG,-0.696,-0.6606,WT,
DV-90,ACH-000925,DV90_LUNG,-0.1039,0.0488,Missense/other,S266L
HCC-1833,ACH-000712,HCC1833_LUNG,0.2526,-0.0579,WT,
HCC-44,ACH-000667,HCC44_LUNG,-0.6453,-0.1422,WT,
HCC827,ACH-000012,HCC827_LUNG,-0.7187,0.1511,WT,
LXF-289,ACH-000787,LXF289_LUNG,-0.2267,-0.161,WT,
NCI-H1355,ACH-000666,NCIH1355_LUNG,0.0921,-1.7225,WT,
NCI-H1435,ACH-000852,NCIH1435_LUNG,0.3184,0.517,Missense/other,G1162C
NCI-H1437,ACH-000589,NCIH1437_LUNG,0.6444,0.9877,WT,
NCI-H1568,ACH-000869,NCIH1568_LUNG,0.4969,-2.1738,Truncating,E1449*
NCI-H1573,ACH-000916,NCIH1573_LUNG,0.8932,-1.5937,Truncating,E1399*
NCI-H1650,ACH-000035,NCIH1650_LUNG,0.1725,-0.085,Missense/other,N1164Y
NCI-H1666,ACH-000448,NCIH1666_LUNG,0.3633,0.5314,WT,
NCI-H1693,ACH-000021,NCIH1693_LUNG,0.7583,-0.9491,Truncating,L1085Qfs*32
NCI-H1792,ACH-000496,NCIH1792_LUNG,0.1435,0.4612,WT,
NCI-H1793,ACH-000888,NCIH1793_LUNG,1.0986,-1.6269,Truncating,E514*
NCI-H1944,ACH-000414,NCIH1944_LUNG,0.2886,-1.6524,WT,
NCI-H1975,ACH-000587,NCIH1975_LUNG,-0.4476,0.299,WT,
NCI-H2009,ACH-000886,NCIH2009_LUNG,0.4248,0.7797,WT,
NCI-H2030,ACH-000521,NCIH2030_LUNG,-0.7896,-1.5825,WT,
NCI-H2122,ACH-000311,NCIH2122_LUNG,-0.4221,0.3941,WT,
NCI-H2126,ACH-000785,NCIH2126_LUNG,0.0537,-0.7809,Missense/other,W764R
NCI-H2228,ACH-000447,NCIH2228_LUNG,-0.676,-0.2445,WT,
NCI-H2291,ACH-000718,NCIH2291_LUNG,-0.7061,-0.586,WT,
NCI-H23,ACH-000900,NCIH23_LUNG,-1.533,-1.916,Truncating,K1566_E1567delinsN*; K1566N; E1567*
NCI-H3255,ACH-000109,NCIH3255_LUNG,-1.151,1.1571,WT,
NCI-H358,ACH-000860,NCIH358_LUNG,0.5774,0.7281,WT,
NCI-H441,ACH-000638,NCIH441_LUNG,-0.7461,0.1551,WT,
NCI-H522,ACH-000343,NCIH522_LUNG,-1.648,-2.415,Truncating,P270Rfs*16
NCI-H650,ACH-000945,NCIH650_LUNG,-1.9728,-0.1223,Missense/other,D1235Y; R885L
NCI-H838,ACH-000416,NCIH838_LUNG,1.6651,-0.7844,Truncating,X873_splice
PC-14,ACH-000030,PC14_LUNG,-0.6766,-0.1122,WT,
RERF-LC-MS,ACH-000062,RERFLCMS_LUNG,0.6258,-0.7077,WT,
SK-LU-1,ACH-000309,SKLU1_LUNG,-0.6165,-0.1692,WT,
SW 1573,ACH-000677,SW1573_LUNG,0.2559,-0.2548,WT,
