sample,smarca2_protein,smarca4_protein,smarca4
11LU013,-0.04419205043960517,0.4574570356416565,WT
11LU016,-0.19351788738473985,0.29814771022023834,WT
11LU022,-0.3696670056102498,0.3670235088701794,WT
11LU035,-0.2425666077936377,-0.27032891150191674,WT
C3L-00001,0.1372061784180154,0.3686374177381815,Missense/other
C3L-00009,-0.10276601663872853,0.15065299817224442,WT
C3L-00080,-0.16971792123415952,0.4823294744374884,WT
C3L-00093,0.2582071146490996,0.6587501236446833,WT
C3L-00094,0.05166622006365529,0.039283772073474665,WT
C3L-00095,0.3738355945573879,-0.01161150696051294,WT
C3L-00140,0.18271891726070777,0.24786059423035312,WT
C3L-00144,0.042647914971638556,-0.03224277263436548,WT
C3L-00263,0.046313417838725,-0.3313908641185854,WT
C3L-00279,-0.05457466010524925,0.07201461091336725,WT
C3L-00368,0.004355605420460762,0.49734086411211464,WT
C3L-00412,0.16686914954865273,-0.2038742556318951,Missense/other
C3L-00422,-0.1580215110780685,-0.3283026553365609,WT
C3L-00510,-0.12968530808486634,0.04650715026121688,WT
C3L-00604,-0.1543206789308762,0.24219791974833704,WT
C3L-00893,0.36424460193251207,0.24220568902939732,WT
C3L-00913,-0.09461660062768118,-0.019965404981757473,WT
C3L-00973,0.11465113258424253,-0.17497279975792424,WT
C3L-01330,-0.12347569971438688,0.5021022043110364,WT
C3L-01632,-0.14957325888102346,-0.19447262842554736,Missense/other
C3L-01682,0.1525323392022564,0.2547232252961429,WT
C3L-01683,0.27562272301968704,-0.13221107683331468,WT
C3L-01862,-0.017665288055699335,-0.5006330025016439,Truncating
C3L-01889,0.24511279068005365,0.13490787387068437,WT
C3L-01924,0.17332740925430912,0.3663650261359841,WT
C3L-02219,0.15988776503395385,0.13062498744240614,WT
C3L-02345,-0.25175749361455146,-0.8701185324566438,Truncating
C3L-02348,0.017542313095660234,0.3484386110676567,WT
C3L-02350,0.16249831172945406,0.17914248913443842,WT
C3L-02365,-0.0069075703133592015,0.5054266227096349,WT
C3L-02508,0.03151690686614472,-0.2865802420141037,WT
C3L-02549,0.1440951758249831,-0.30045575198659336,Missense/other
C3N-00167,-0.2729714492844799,0.5623694289033239,WT
C3N-00169,-0.1569013453231065,0.28114486143320505,WT
C3N-00175,-0.009045378466819187,0.5435474660896347,WT
C3N-00180,-0.09622941637607596,0.6437890673920741,WT
C3N-00199,0.18101515169061244,0.08453852296045561,WT
C3N-00203,0.17878189165760006,0.5270633698000751,WT
C3N-00217,0.007148621997412619,-0.06914169907037859,WT
C3N-00223,0.15377443669897062,0.0633031400006896,WT
C3N-00293,0.08035241249121228,0.30677956068677403,WT
C3N-00294,-0.2061773442485162,-0.027078175196741938,WT
C3N-00433,0.3631199474818665,-0.013065776746515212,WT
C3N-00546,0.033466218737675746,0.16296489066707665,WT
C3N-00547,-0.002269195612065289,-0.024987399307985214,WT
C3N-00549,-0.052785971980181756,0.10018837471086961,WT
C3N-00550,-0.47888584303696646,0.2960096462307238,WT
C3N-00551,-0.5533630370241447,0.2327132063964612,WT
C3N-00552,-0.03966355617561135,-0.1870042020542897,WT
C3N-00556,-0.10821068073621731,-0.07332229861234829,WT
C3N-00559,-0.03145359154005689,0.12454709163315414,WT
C3N-00560,-0.11367622907089725,0.5785259798297169,Missense/other
C3N-00572,-0.005020395702235447,0.14697417586006623,WT
C3N-00574,-0.21817131533435585,0.2667657295476751,WT
C3N-00578,-0.44606704263523866,0.41743050724769404,WT
C3N-00579,0.18571474424178902,0.03972363069447127,WT
C3N-00580,-0.37187627464201256,0.598820311613764,WT
C3N-00704,0.35875395144661937,0.014626741847559188,WT
C3N-00737,0.32828272172461936,-0.11092935042944418,WT
C3N-00738,0.028043565689912953,-0.0827869648743551,WT
C3N-00959,0.2960803165834385,-0.20852594521709733,WT
C3N-01016,-0.09453891609599552,0.3870287755373987,WT
C3N-01021,0.08728822915230339,0.3091459018162972,WT
C3N-01023,-0.06738429801586321,-0.005262461455359357,WT
C3N-01024,-0.038679492590013353,0.1545708154572516,WT
C3N-01030,-0.1490029769529997,0.364316600504635,WT
C3N-01071,-0.03859873928709945,-0.5766184016057174,Truncating
C3N-01072,0.05956112962295279,-0.052480500547014586,WT
C3N-01074,-0.5277564685541734,0.28947006782964735,Missense/other
C3N-01405,-0.031101212118397115,0.21948998989612,WT
C3N-01410,0.035768406625081184,0.04204151682059276,WT
C3N-01413,-0.18250065084423284,0.3973745763826386,WT
C3N-01414,-0.0994778185943801,0.4290220290437716,WT
C3N-01415,-0.16066548070626752,0.01828183055594579,WT
C3N-01416,0.2520780972414052,0.17772773885791082,WT
C3N-01488,0.008584516101652895,0.12692614017819537,WT
C3N-01489,-0.12068731909989339,-0.13134826343502937,WT
C3N-01799,0.24457692375532147,0.1436416965043552,WT
C3N-01823,0.09234064100484218,-0.16399163893335356,Truncating
C3N-01842,-0.483910479625532,0.8428804159544683,WT
C3N-02000,0.16534879893252707,0.15334626700959042,WT
C3N-02002,0.07772372952313233,0.3405438076840053,WT
C3N-02003,-0.07327000145958351,-0.0413811690843211,WT
C3N-02067,0.06040987090008798,0.29991704358711857,WT
C3N-02087,-0.09106852794081277,-0.09740620389738552,WT
C3N-02089,-0.6888702243319109,0.7417212905621966,WT
C3N-02145,0.13951484956538707,0.5134613202877674,WT
C3N-02149,-0.08534161064940093,0.32256027093938755,WT
C3N-02155,-0.41451760903565926,0.08415102498207361,WT
C3N-02158,0.044668144856270686,0.18050241766653308,Missense/other
C3N-02379,-0.26585987469888295,0.308819319939845,WT
C3N-02380,-0.015544861125395215,0.3366634155493937,WT
C3N-02421,0.17724765891557226,0.15833580528278013,WT
C3N-02422,0.04267320948651232,0.14844423982814448,WT
C3N-02423,-0.25343457960270754,0.07413475648906598,WT
C3N-02424,0.03977639835396474,0.11621722390332678,WT
C3N-02433,0.12285882792161473,0.25289068331882447,WT
C3N-02529,0.04851937363833159,0.37720784349313874,WT
C3N-02572,-0.06748840153923652,0.484159059801776,WT
C3N-02582,-0.1413722552898875,0.20127726809184132,WT
C3N-02586,0.15815691461201453,0.15247584579054418,WT
C3N-02587,0.13621715204365437,0.15338454459492912,WT
C3N-02588,-0.1235161748649709,-0.3192193020955205,WT
C3N-02729,0.014524817618813302,0.08516166249810553,WT
