sample,type,aa
TCGA-05-4432-01,Missense_Mutation,G1232S
TCGA-05-4432-01,Missense_Mutation,R1125G
TCGA-17-Z000-01,Missense_Mutation,K1508N
TCGA-17-Z017-01,Frame_Shift_Del,P601Rfs*12
TCGA-17-Z018-01,Missense_Mutation,K1219M
TCGA-35-5375-01,Nonsense_Mutation,E1580*
TCGA-38-4631-01,Nonsense_Mutation,E1083*
TCGA-44-2656-01,Nonsense_Mutation,E1339*
TCGA-44-8117-01,Missense_Mutation,Q544P
TCGA-44-8119-01,Missense_Mutation,R885C
TCGA-44-A479-01,Missense_Mutation,G1159A
TCGA-49-6742-01,Nonsense_Mutation,E1493*
TCGA-49-6767-01,Nonsense_Mutation,E520*
TCGA-49-AAR9-01,Missense_Mutation,G784V
TCGA-49-AARE-01,Splice_Site,X836_splice
TCGA-50-5072-01,Missense_Mutation,L1042P
TCGA-50-5930-01,Splice_Site,X1028_splice
TCGA-50-5936-01,Nonsense_Mutation,Q383*
TCGA-50-6592-01,Nonsense_Mutation,E1364*
TCGA-50-6592-01,Missense_Mutation,E1363D
TCGA-53-7624-01,Nonsense_Mutation,Q847*
TCGA-55-1596-01,Missense_Mutation,E1023Q
TCGA-55-1596-01,Frame_Shift_Del,K572Gfs*75
TCGA-55-6543-01,Missense_Mutation,K1471R
TCGA-55-6969-01,Missense_Mutation,Q1195L
TCGA-55-6975-01,Missense_Mutation,D1175N
TCGA-55-8089-01,Missense_Mutation,Q1248H
TCGA-55-A48Y-01,Missense_Mutation,S266L
TCGA-55-A48Y-01,Missense_Mutation,E449K
TCGA-55-A48Z-01,Missense_Mutation,E1300K
TCGA-62-A46O-01,Splice_Site,X708_splice
TCGA-67-3771-01,Nonsense_Mutation,Y1115*
TCGA-69-7980-01,Missense_Mutation,G1031V
TCGA-69-8255-01,Nonsense_Mutation,E1340*
TCGA-69-8255-01,Missense_Mutation,E1339D
TCGA-73-A9RS-01,Splice_Site,X1183_splice
TCGA-78-7148-01,Missense_Mutation,G1162C
TCGA-78-7540-01,Missense_Mutation,E669D
TCGA-78-8640-01,Splice_Site,X813_splice
TCGA-78-8660-01,Missense_Mutation,H508P
TCGA-80-5611-01,Nonsense_Mutation,E671*
TCGA-86-7711-01,Nonsense_Mutation,E474*
TCGA-86-8281-01,Missense_Mutation,R885L
TCGA-86-8585-01,Splice_Site,X813_splice
TCGA-86-8674-01,Frame_Shift_Del,Y538Tfs*75
TCGA-97-8175-01,Missense_Mutation,G1232S
TCGA-97-8176-01,Missense_Mutation,L921F
TCGA-J2-A4AD-01,Missense_Mutation,E1362K
TCGA-MP-A4SY-01,Missense_Mutation,R1244G
TCGA-MP-A4TA-01,Nonsense_Mutation,E666*
TCGA-NJ-A4YQ-01,Missense_Mutation,G1232V
