dataset,comparison,n1,n2,median1,median2,log2FC_median,mannwhitney_p,welch_t_p,cliffs_delta
TCGA LUAD tumors,WT vs any mutant,467.0,43.0,10.588030598521804,10.163901213814542,-0.42412938470726225,7.015443893263459e-07,5.550814407271025e-06,-0.45694935511179724
TCGA LUAD tumors,WT vs truncating,467.0,21.0,10.588030598521804,9.781599049893861,-0.806431548627943,2.0071888816997647e-06,3.3430486771119564e-05,-0.6128275721423473
TCGA LUAD tumors,WT vs missense/other,467.0,22.0,10.588030598521804,10.26268715292583,-0.3253434455959745,0.014555964970643495,0.023046946589656923,-0.3081565115826358
TCGA LUAD tumors,Missense vs truncating,22.0,21.0,10.26268715292583,9.781599049893861,-0.4810881030319685,0.01276034032026244,0.013711719446063418,-0.4458874458874459
TCGA LUAD tumors,Kruskal-Wallis (3 groups),,,,,,9.006420102929625e-07,,
CCLE LUAD cell lines,WT vs any mutant,58.0,21.0,2.523842884886651,2.6035729383200756,0.07973005343342443,0.6136061997414595,0.2982211058146908,-0.07553366174055831
CCLE LUAD cell lines,WT vs truncating,58.0,15.0,2.523842884886651,2.4433149005540353,-0.08052798433261588,0.37853856299776056,0.1965390522309967,-0.14942528735632188
CCLE LUAD cell lines,WT vs missense/other,58.0,6.0,2.523842884886651,2.9027758752698043,0.3789329903831531,0.6775362481214913,0.9293339319628636,0.10919540229885061
CCLE LUAD cell lines,Missense vs truncating,6.0,15.0,2.9027758752698043,2.4433149005540353,-0.45946097471576897,0.3809155241043786,0.41921553875561857,-0.2666666666666667
CCLE LUAD cell lines,Kruskal-Wallis (3 groups),,,,,,0.5700987674600795,,
