sample,smarca2,smarca4
TCGA-05-4244-01,1026.97,WT
TCGA-05-4249-01,1818.41,WT
TCGA-05-4250-01,807.759,WT
TCGA-05-4382-01,1268.31,WT
TCGA-05-4384-01,1721.44,WT
TCGA-05-4389-01,792.617,WT
TCGA-05-4390-01,525.627,WT
TCGA-05-4395-01,444.805,WT
TCGA-05-4396-01,1917.36,WT
TCGA-05-4397-01,1422.42,WT
TCGA-05-4398-01,1458.24,WT
TCGA-05-4402-01,1291.51,WT
TCGA-05-4403-01,1867.11,WT
TCGA-05-4405-01,3032.2,WT
TCGA-05-4410-01,1148.32,WT
TCGA-05-4415-01,392.444,WT
TCGA-05-4417-01,1953.79,WT
TCGA-05-4418-01,736.851,WT
TCGA-05-4420-01,589.798,WT
TCGA-05-4422-01,1196.04,WT
TCGA-05-4424-01,1236.42,WT
TCGA-05-4425-01,1395.64,WT
TCGA-05-4426-01,2189.26,WT
TCGA-05-4427-01,589.808,WT
TCGA-05-4430-01,1460.61,WT
TCGA-05-4432-01,684.742,Missense/other
TCGA-05-4433-01,1966.12,WT
TCGA-05-4434-01,1564.78,WT
TCGA-05-5423-01,745.788,WT
TCGA-05-5425-01,648.19,WT
TCGA-05-5428-01,198.823,WT
TCGA-05-5429-01,1223.51,WT
TCGA-05-5715-01,1646.69,WT
TCGA-35-3615-01,1422.03,WT
TCGA-35-4122-01,434.171,WT
TCGA-35-4123-01,418.032,WT
TCGA-35-5375-01,408.435,Truncating
TCGA-38-4625-01,1197.69,WT
TCGA-38-4626-01,2072.28,WT
TCGA-38-4627-01,1746.08,WT
TCGA-38-4628-01,522.44,WT
TCGA-38-4631-01,220.517,Truncating
TCGA-38-4632-01,450.392,WT
TCGA-38-6178-01,1318.25,WT
TCGA-38-7271-01,3199.7,WT
TCGA-38-A44F-01,2064.5,WT
TCGA-44-2655-01,981.484,WT
TCGA-44-2656-01,1797.86,Truncating
TCGA-44-2657-01,1520.13,WT
TCGA-44-2659-01,2649.56,WT
TCGA-44-2662-01,1735.88,WT
TCGA-44-2665-01,1489.09,WT
TCGA-44-2666-01,2235.43,WT
TCGA-44-2668-01,1364.72,WT
TCGA-44-3396-01,1562.09,WT
TCGA-44-3398-01,1188.87,WT
TCGA-44-3918-01,779.176,WT
TCGA-44-3919-01,1529.43,WT
TCGA-44-4112-01,1427.71,WT
TCGA-44-5643-01,1712.11,WT
TCGA-44-5644-01,362.427,WT
TCGA-44-5645-01,3333.91,WT
TCGA-44-6145-01,2833.23,WT
TCGA-44-6146-01,2369.58,WT
TCGA-44-6148-01,4651.4,WT
TCGA-44-6774-01,2365.24,WT
TCGA-44-6775-01,3063.6,WT
TCGA-44-6776-01,1940.37,WT
TCGA-44-6777-01,2780.12,WT
TCGA-44-6778-01,2212.56,WT
TCGA-44-6779-01,2277.74,WT
TCGA-44-7659-01,2668.16,WT
TCGA-44-7660-01,2019.14,WT
TCGA-44-7661-01,2257.34,WT
TCGA-44-7662-01,1240.1,WT
TCGA-44-7667-01,725.472,WT
TCGA-44-7669-01,1357.08,WT
TCGA-44-7670-01,887.549,WT
TCGA-44-7671-01,2181.02,WT
TCGA-44-7672-01,1969.54,WT
TCGA-44-8117-01,499.205,Missense/other
TCGA-44-8119-01,1153.94,Missense/other
TCGA-44-8120-01,1493.11,WT
TCGA-44-A479-01,1816.12,Missense/other
TCGA-44-A47A-01,1781.47,WT
TCGA-44-A47B-01,1003.58,WT
TCGA-44-A47G-01,1552.36,WT
TCGA-44-A4SS-01,2981.9,WT
TCGA-44-A4SU-01,1773.92,WT
TCGA-49-4486-01,960.897,WT
TCGA-49-4487-01,1381.63,WT
TCGA-49-4488-01,1310.59,WT
TCGA-49-4490-01,1317.05,WT
TCGA-49-4494-01,890.466,WT
TCGA-49-4501-01,1495.38,WT
TCGA-49-4505-01,1329.78,WT
TCGA-49-4506-01,1021.99,WT
TCGA-49-4507-01,719.474,WT
TCGA-49-4510-01,673.372,WT
TCGA-49-4512-01,1186.01,WT
TCGA-49-4514-01,686.301,WT
TCGA-49-6742-01,727.815,Truncating
TCGA-49-6743-01,1180.14,WT
TCGA-49-6744-01,2663.44,WT
TCGA-49-6745-01,1819.16,WT
TCGA-49-6761-01,1344.82,WT
TCGA-49-6767-01,888.166,Truncating
TCGA-49-AAQV-01,1030.66,WT
TCGA-49-AAR0-01,1215.17,WT
TCGA-49-AAR2-01,448.555,WT
TCGA-49-AAR3-01,959.93,WT
TCGA-49-AAR4-01,1088.9,WT
TCGA-49-AAR9-01,514.915,Missense/other
TCGA-49-AARE-01,735.093,Truncating
TCGA-49-AARN-01,1720.15,WT
TCGA-49-AARO-01,1231.48,WT
TCGA-49-AARQ-01,1038.2,WT
TCGA-49-AARR-01,3363.69,WT
TCGA-4B-A93V-01,887.149,WT
TCGA-50-5044-01,1540.43,WT
TCGA-50-5045-01,1301.18,WT
TCGA-50-5049-01,2183.04,WT
TCGA-50-5051-01,1178.93,WT
TCGA-50-5055-01,2040.7,WT
TCGA-50-5066-01,593.206,WT
TCGA-50-5068-01,828.568,WT
TCGA-50-5072-01,935.797,Missense/other
TCGA-50-5930-01,1236.42,Truncating
TCGA-50-5931-01,7661.62,WT
TCGA-50-5932-01,1140.48,WT
TCGA-50-5933-01,1424.65,WT
TCGA-50-5935-01,1739.3,WT
TCGA-50-5936-01,1146.2,Truncating
TCGA-50-5939-01,1372.33,WT
TCGA-50-5941-01,2400.0,WT
TCGA-50-5942-01,4328.77,WT
TCGA-50-5944-01,1973.47,WT
TCGA-50-5946-01,728.852,WT
TCGA-50-6590-01,1481.52,WT
TCGA-50-6591-01,1905.02,WT
TCGA-50-6592-01,965.891,Truncating
TCGA-50-6593-01,1520.21,WT
TCGA-50-6594-01,1051.41,WT
TCGA-50-6595-01,1370.42,WT
TCGA-50-6597-01,709.708,WT
TCGA-50-6673-01,1764.44,WT
TCGA-50-7109-01,859.153,WT
TCGA-50-8457-01,3323.57,WT
TCGA-50-8459-01,2204.98,WT
TCGA-50-8460-01,2084.26,WT
TCGA-53-7624-01,1191.48,Truncating
TCGA-53-7626-01,2475.77,WT
TCGA-53-7813-01,840.699,WT
TCGA-53-A4EZ-01,428.051,WT
TCGA-55-1592-01,1495.34,WT
TCGA-55-1594-01,607.311,WT
TCGA-55-1595-01,1782.37,WT
TCGA-55-1596-01,468.325,Truncating
TCGA-55-5899-01,960.137,WT
TCGA-55-6543-01,2426.98,Missense/other
TCGA-55-6642-01,1676.28,WT
TCGA-55-6712-01,1596.24,WT
TCGA-55-6968-01,1057.81,WT
TCGA-55-6969-01,1211.12,Missense/other
TCGA-55-6970-01,1907.48,WT
TCGA-55-6971-01,2327.2,WT
TCGA-55-6972-01,1212.33,WT
TCGA-55-6975-01,1268.23,Missense/other
TCGA-55-6978-01,1974.2,WT
TCGA-55-6979-01,1537.64,WT
TCGA-55-6980-01,1578.25,WT
TCGA-55-6981-01,1125.44,WT
TCGA-55-6982-01,1178.15,WT
TCGA-55-6983-01,2142.2,WT
TCGA-55-6984-01,1898.54,WT
TCGA-55-6985-01,2130.6,WT
TCGA-55-6986-01,2276.16,WT
TCGA-55-6987-01,1644.07,WT
TCGA-55-7227-01,2575.67,WT
TCGA-55-7281-01,1314.53,WT
TCGA-55-7283-01,2165.41,WT
TCGA-55-7284-01,2680.94,WT
TCGA-55-7570-01,433.115,WT
TCGA-55-7573-01,2767.01,WT
TCGA-55-7574-01,2054.38,WT
TCGA-55-7576-01,1746.88,WT
TCGA-55-7724-01,2492.99,WT
TCGA-55-7725-01,4188.03,WT
TCGA-55-7726-01,1181.01,WT
TCGA-55-7727-01,2706.42,WT
TCGA-55-7728-01,1338.4,WT
TCGA-55-7815-01,2193.39,WT
TCGA-55-7816-01,4356.99,WT
TCGA-55-7903-01,3578.48,WT
TCGA-55-7907-01,1171.23,WT
TCGA-55-7910-01,892.593,WT
TCGA-55-7911-01,1380.2,WT
TCGA-55-7913-01,336.036,WT
TCGA-55-7914-01,2753.62,WT
TCGA-55-7994-01,1989.59,WT
TCGA-55-7995-01,2941.37,WT
TCGA-55-8085-01,742.171,WT
TCGA-55-8087-01,2725.65,WT
TCGA-55-8089-01,1897.42,Missense/other
TCGA-55-8090-01,1316.51,WT
TCGA-55-8091-01,1918.03,WT
TCGA-55-8092-01,1021.4,WT
TCGA-55-8094-01,416.629,WT
TCGA-55-8096-01,1912.26,WT
TCGA-55-8097-01,1884.33,WT
TCGA-55-8203-01,1914.06,WT
TCGA-55-8204-01,1700.64,WT
TCGA-55-8205-01,1870.29,WT
TCGA-55-8206-01,2104.84,WT
TCGA-55-8207-01,1775.15,WT
TCGA-55-8208-01,1771.53,WT
TCGA-55-8299-01,1827.57,WT
TCGA-55-8301-01,2177.2,WT
TCGA-55-8302-01,1288.66,WT
TCGA-55-8505-01,908.662,WT
TCGA-55-8506-01,1047.3,WT
TCGA-55-8507-01,928.571,WT
TCGA-55-8508-01,1160.04,WT
TCGA-55-8510-01,1491.43,WT
TCGA-55-8511-01,1857.47,WT
TCGA-55-8512-01,2659.54,WT
TCGA-55-8513-01,3041.54,WT
TCGA-55-8514-01,1971.61,WT
TCGA-55-8614-01,739.903,WT
TCGA-55-8615-01,603.743,WT
TCGA-55-8616-01,2099.79,WT
TCGA-55-8619-01,2237.62,WT
TCGA-55-8620-01,1580.0,WT
TCGA-55-8621-01,2787.73,WT
TCGA-55-A48X-01,1764.42,WT
TCGA-55-A48Y-01,1393.91,Missense/other
TCGA-55-A48Z-01,1244.11,Missense/other
TCGA-55-A490-01,382.294,WT
TCGA-55-A491-01,1634.73,WT
TCGA-55-A492-01,969.47,WT
TCGA-55-A493-01,600.622,WT
TCGA-55-A494-01,204.876,WT
TCGA-55-A4DF-01,2830.33,WT
TCGA-55-A4DG-01,1646.62,WT
TCGA-55-A57B-01,2135.4,WT
TCGA-62-8394-01,970.995,WT
TCGA-62-8395-01,1474.63,WT
TCGA-62-8397-01,1986.86,WT
TCGA-62-8398-01,1678.46,WT
TCGA-62-8399-01,555.219,WT
TCGA-62-8402-01,1066.14,WT
TCGA-62-A46O-01,725.753,Truncating
TCGA-62-A46P-01,1255.64,WT
TCGA-62-A46R-01,1841.8,WT
TCGA-62-A46S-01,1989.85,WT
TCGA-62-A46U-01,2388.41,WT
TCGA-62-A46V-01,1253.6,WT
TCGA-62-A46Y-01,1881.2,WT
TCGA-62-A470-01,1072.66,WT
TCGA-62-A471-01,491.56,WT
TCGA-62-A472-01,1307.92,WT
TCGA-64-1676-01,718.5,WT
TCGA-64-1677-01,467.177,WT
TCGA-64-1678-01,263.17,WT
TCGA-64-1679-01,1448.06,WT
TCGA-64-1680-01,1105.38,WT
TCGA-64-1681-01,1413.21,WT
TCGA-64-5774-01,687.88,WT
TCGA-64-5775-01,3001.39,WT
TCGA-64-5778-01,1086.67,WT
TCGA-64-5779-01,1624.39,WT
TCGA-64-5781-01,775.563,WT
TCGA-64-5815-01,1525.53,WT
TCGA-67-3770-01,746.241,WT
TCGA-67-3771-01,1190.88,Truncating
TCGA-67-3772-01,1332.87,WT
TCGA-67-3773-01,1606.37,WT
TCGA-67-3774-01,1040.4,WT
TCGA-67-4679-01,3184.05,WT
TCGA-67-6215-01,2455.02,WT
TCGA-67-6216-01,1937.23,WT
TCGA-67-6217-01,2408.45,WT
TCGA-69-7760-01,550.906,WT
TCGA-69-7761-01,2009.71,WT
TCGA-69-7763-01,1892.12,WT
TCGA-69-7764-01,1496.02,WT
TCGA-69-7765-01,2287.77,WT
TCGA-69-7973-01,1330.83,WT
TCGA-69-7974-01,1895.74,WT
TCGA-69-7978-01,1647.61,WT
TCGA-69-7979-01,1402.73,WT
TCGA-69-7980-01,910.97,Missense/other
TCGA-69-8253-01,2101.12,WT
TCGA-69-8254-01,3351.83,WT
TCGA-69-8255-01,604.438,Truncating
TCGA-69-8453-01,2096.98,WT
TCGA-69-A59K-01,1753.38,WT
TCGA-71-6725-01,1842.51,WT
TCGA-71-8520-01,1686.37,WT
TCGA-73-4658-01,1659.38,WT
TCGA-73-4659-01,1651.9,WT
TCGA-73-4662-01,1692.79,WT
TCGA-73-4666-01,2150.29,WT
TCGA-73-4668-01,952.275,WT
TCGA-73-4670-01,991.39,WT
TCGA-73-4675-01,1411.4,WT
TCGA-73-4676-01,1175.73,WT
TCGA-73-4677-01,2118.11,WT
TCGA-73-7498-01,2527.12,WT
TCGA-73-7499-01,982.99,WT
TCGA-73-A9RS-01,1354.75,Truncating
TCGA-75-5122-01,1380.16,WT
TCGA-75-5125-01,907.216,WT
TCGA-75-5126-01,1758.76,WT
TCGA-75-5146-01,1396.17,WT
TCGA-75-5147-01,950.162,WT
TCGA-75-6203-01,2996.56,WT
TCGA-75-6205-01,1577.97,WT
TCGA-75-6206-01,2087.48,WT
TCGA-75-6207-01,2673.41,WT
TCGA-75-6211-01,1181.46,WT
TCGA-75-6212-01,2659.47,WT
TCGA-75-6214-01,2958.01,WT
TCGA-75-7025-01,2226.17,WT
TCGA-75-7027-01,1276.2,WT
TCGA-75-7030-01,2968.75,WT
TCGA-75-7031-01,1256.99,WT
TCGA-78-7143-01,1447.7,WT
TCGA-78-7145-01,722.162,WT
TCGA-78-7146-01,720.398,WT
TCGA-78-7147-01,682.729,WT
TCGA-78-7148-01,1685.72,Missense/other
TCGA-78-7149-01,1292.53,WT
TCGA-78-7150-01,691.337,WT
TCGA-78-7152-01,2421.54,WT
TCGA-78-7153-01,1369.36,WT
TCGA-78-7154-01,1493.08,WT
TCGA-78-7155-01,216.435,WT
TCGA-78-7156-01,1724.5,WT
TCGA-78-7158-01,2195.44,WT
TCGA-78-7159-01,939.945,WT
TCGA-78-7160-01,2025.24,WT
TCGA-78-7161-01,1179.08,WT
TCGA-78-7162-01,2489.21,WT
TCGA-78-7163-01,3148.85,WT
TCGA-78-7166-01,507.356,WT
TCGA-78-7167-01,1588.71,WT
TCGA-78-7220-01,819.457,WT
TCGA-78-7535-01,1542.37,WT
TCGA-78-7536-01,2110.95,WT
TCGA-78-7537-01,2205.78,WT
TCGA-78-7539-01,1086.01,WT
TCGA-78-7540-01,1715.33,Missense/other
TCGA-78-7542-01,1437.64,WT
TCGA-78-7633-01,1102.98,WT
TCGA-78-8640-01,629.03,Truncating
TCGA-78-8648-01,2558.44,WT
TCGA-78-8655-01,1468.65,WT
TCGA-78-8660-01,1063.97,Missense/other
TCGA-78-8662-01,1099.93,WT
TCGA-80-5607-01,2340.11,WT
TCGA-80-5608-01,1577.81,WT
TCGA-80-5611-01,1513.38,Truncating
TCGA-83-5908-01,1430.72,WT
TCGA-86-6562-01,2293.98,WT
TCGA-86-6851-01,1420.11,WT
TCGA-86-7701-01,1889.36,WT
TCGA-86-7711-01,1184.52,Truncating
TCGA-86-7713-01,504.78,WT
TCGA-86-7714-01,3674.81,WT
TCGA-86-7953-01,1569.69,WT
TCGA-86-7954-01,1881.21,WT
TCGA-86-7955-01,732.284,WT
TCGA-86-8054-01,825.577,WT
TCGA-86-8055-01,1885.98,WT
TCGA-86-8056-01,2166.29,WT
TCGA-86-8073-01,1564.87,WT
TCGA-86-8074-01,1544.67,WT
TCGA-86-8075-01,1904.3,WT
TCGA-86-8076-01,2560.9,WT
TCGA-86-8278-01,2302.2,WT
TCGA-86-8279-01,1778.37,WT
TCGA-86-8280-01,2679.39,WT
TCGA-86-8281-01,1314.76,Missense/other
TCGA-86-8358-01,1206.2,WT
TCGA-86-8359-01,1224.18,WT
TCGA-86-8585-01,871.224,Truncating
TCGA-86-8668-01,2074.4,WT
TCGA-86-8669-01,1683.68,WT
TCGA-86-8671-01,2586.58,WT
TCGA-86-8672-01,1564.8,WT
TCGA-86-8673-01,1327.86,WT
TCGA-86-8674-01,879.146,Truncating
TCGA-86-A456-01,1028.54,WT
TCGA-86-A4D0-01,1182.41,WT
TCGA-86-A4JF-01,2024.66,WT
TCGA-86-A4P7-01,2340.13,WT
TCGA-86-A4P8-01,2935.73,WT
TCGA-91-6828-01,1252.53,WT
TCGA-91-6829-01,1675.27,WT
TCGA-91-6830-01,1913.41,WT
TCGA-91-6831-01,1615.28,WT
TCGA-91-6835-01,2823.48,WT
TCGA-91-6836-01,1142.92,WT
TCGA-91-6840-01,758.728,WT
TCGA-91-6847-01,938.314,WT
TCGA-91-6848-01,1320.7,WT
TCGA-91-6849-01,1783.09,WT
TCGA-91-7771-01,2052.0,WT
TCGA-91-8496-01,1479.9,WT
TCGA-91-8497-01,2237.96,WT
TCGA-91-8499-01,918.624,WT
TCGA-91-A4BC-01,1265.01,WT
TCGA-91-A4BD-01,1721.8,WT
TCGA-93-7347-01,1989.51,WT
TCGA-93-7348-01,2436.4,WT
TCGA-93-8067-01,1536.71,WT
TCGA-93-A4JN-01,1285.12,WT
TCGA-93-A4JO-01,1922.07,WT
TCGA-93-A4JP-01,2579.94,WT
TCGA-93-A4JQ-01,1798.17,WT
TCGA-95-7039-01,1839.29,WT
TCGA-95-7043-01,1330.2,WT
TCGA-95-7562-01,2046.68,WT
TCGA-95-7567-01,1208.16,WT
TCGA-95-7944-01,1510.61,WT
TCGA-95-7947-01,3851.09,WT
TCGA-95-7948-01,5213.82,WT
TCGA-95-8039-01,1194.99,WT
TCGA-95-8494-01,722.753,WT
TCGA-95-A4VK-01,1033.67,WT
TCGA-95-A4VN-01,2085.69,WT
TCGA-95-A4VP-01,1042.59,WT
TCGA-97-7546-01,3003.13,WT
TCGA-97-7547-01,3831.49,WT
TCGA-97-7552-01,4078.35,WT
TCGA-97-7553-01,3035.52,WT
TCGA-97-7554-01,4086.04,WT
TCGA-97-7937-01,1748.09,WT
TCGA-97-7938-01,1746.22,WT
TCGA-97-7941-01,2412.7,WT
TCGA-97-8171-01,1538.27,WT
TCGA-97-8172-01,2781.16,WT
TCGA-97-8174-01,2972.83,WT
TCGA-97-8175-01,1150.96,Missense/other
TCGA-97-8176-01,1086.96,Missense/other
TCGA-97-8177-01,1382.9,WT
TCGA-97-8179-01,1108.65,WT
TCGA-97-8547-01,1403.36,WT
TCGA-97-8552-01,2079.88,WT
TCGA-97-A4LX-01,2353.08,WT
TCGA-97-A4M0-01,1567.06,WT
TCGA-97-A4M1-01,1867.35,WT
TCGA-97-A4M2-01,2043.58,WT
TCGA-97-A4M3-01,938.29,WT
TCGA-97-A4M5-01,1751.26,WT
TCGA-97-A4M6-01,1596.34,WT
TCGA-97-A4M7-01,1981.09,WT
TCGA-99-7458-01,3978.81,WT
TCGA-99-8025-01,1277.57,WT
TCGA-99-8028-01,1495.69,WT
TCGA-99-8032-01,1211.69,WT
TCGA-99-8033-01,1096.09,WT
TCGA-99-AA5R-01,2818.13,WT
TCGA-J2-8192-01,2756.64,WT
TCGA-J2-8194-01,2446.14,WT
TCGA-J2-A4AD-01,988.226,Missense/other
TCGA-J2-A4AE-01,2013.59,WT
TCGA-J2-A4AG-01,1601.8,WT
TCGA-L4-A4E5-01,1239.14,WT
TCGA-L4-A4E6-01,2208.64,WT
TCGA-L9-A443-01,1184.89,WT
TCGA-L9-A444-01,1484.43,WT
TCGA-L9-A50W-01,1316.76,WT
TCGA-L9-A5IP-01,1340.05,WT
TCGA-L9-A743-01,1424.93,WT
TCGA-L9-A7SV-01,912.486,WT
TCGA-L9-A8F4-01,1069.49,WT
TCGA-MN-A4N1-01,975.174,WT
TCGA-MN-A4N4-01,1123.81,WT
TCGA-MN-A4N5-01,1136.22,WT
TCGA-MP-A4SV-01,934.16,WT
TCGA-MP-A4SW-01,1188.07,WT
TCGA-MP-A4SY-01,1669.37,Missense/other
TCGA-MP-A4T4-01,1424.36,WT
TCGA-MP-A4T6-01,1373.1,WT
TCGA-MP-A4T7-01,1432.3,WT
TCGA-MP-A4T8-01,998.635,WT
TCGA-MP-A4T9-01,1335.32,WT
TCGA-MP-A4TA-01,693.174,Truncating
TCGA-MP-A4TC-01,1591.9,WT
TCGA-MP-A4TD-01,1444.06,WT
TCGA-MP-A4TE-01,433.48,WT
TCGA-MP-A4TF-01,293.638,WT
TCGA-MP-A4TH-01,2260.61,WT
TCGA-MP-A4TI-01,1511.0,WT
TCGA-MP-A4TJ-01,2168.56,WT
TCGA-MP-A4TK-01,1313.52,WT
TCGA-MP-A5C7-01,1761.59,WT
TCGA-NJ-A4YF-01,634.872,WT
TCGA-NJ-A4YG-01,2136.84,WT
TCGA-NJ-A4YI-01,1934.21,WT
TCGA-NJ-A4YP-01,1339.94,WT
TCGA-NJ-A4YQ-01,1440.05,Missense/other
TCGA-NJ-A55A-01,3363.93,WT
TCGA-NJ-A55O-01,1957.41,WT
TCGA-NJ-A55R-01,1193.01,WT
TCGA-NJ-A7XG-01,1412.25,WT
TCGA-O1-A52J-01,1412.92,WT
TCGA-S2-AA1A-01,3592.44,WT
