year,cohort_date,ticker,entry_price,return_12m,spy_return_12m,alpha_12m,return_18m,spy_return_18m,alpha_18m,return_24m,spy_return_24m,alpha_24m,return_36m,spy_return_36m,alpha_36m,return_48m,spy_return_48m,alpha_48m,return_60m,spy_return_60m,alpha_60m
2023,2023-01-03,ACGL,59.39311981201172,24.03,24.57,-0.54,57.32,48.97,8.35,52.78,60.75,-7.97,62.27,88.36,-26.09,,,,,,
2023,2023-01-03,FICO,591.1900024414062,89.02,24.57,64.45,158.81,48.97,109.84,232.89,60.75,172.14,168.2,88.36,79.84,,,,,,
2023,2023-02-01,FICO,682.6799926757812,83.88,22.17,61.71,131.71,28.67,103.04,170.67,51.23,119.44,103.76,74.89,28.87,,,,,,
2023,2023-03-01,AAON,59.47221755981445,38.59,31.9,6.69,59.31,45.89,13.42,36.88,51.88,-15.0,48.23,77.2,-28.97,,,,,,
2023,2023-03-01,CRUS,103.20999908447266,-9.67,31.9,-41.57,41.16,45.89,-4.73,2.11,51.88,-49.77,26.32,77.2,-50.88,,,,,,
2023,2023-03-01,NVT,44.4441032409668,51.09,31.9,19.19,50.15,45.89,4.26,24.29,51.88,-27.59,137.88,77.2,60.68,,,,,,
2023,2023-03-01,GWW,650.86083984375,47.61,31.9,15.71,48.85,45.89,2.96,49.42,51.88,-2.46,70.29,77.2,-6.91,,,,,,
2023,2023-04-03,AAON,63.78405380249024,33.08,26.66,6.42,66.86,41.06,25.8,16.23,26.1,-9.87,42.21,71.93,-29.72,,,,,,
2023,2023-04-03,DKS,135.96511840820312,45.97,26.66,19.31,46.58,41.06,5.52,26.57,26.1,0.47,55.51,71.93,-16.42,,,,,,
2023,2023-04-03,GWW,662.6556396484375,46.8,26.66,20.14,52.77,41.06,11.71,37.64,26.1,11.54,76.19,71.93,4.26,,,,,,
2023,2023-04-03,NVT,42.84546661376953,72.26,26.66,45.6,55.13,41.06,14.07,6.54,26.1,-19.56,199.38,71.93,127.45,,,,,,
2023,2023-05-01,AAON,64.36264038085938,45.45,22.16,23.29,77.58,42.5,35.08,52.88,39.33,13.55,52.62,83.53,-30.91,,,,,,
2023,2023-05-01,CHDN,147.5825653076172,-12.62,22.16,-34.78,-3.1,42.5,-45.6,-38.77,39.33,-78.1,-37.49,83.53,-121.02,,,,,,
2023,2023-06-01,NVDA,39.688568115234375,189.26,26.94,162.32,248.75,46.09,202.66,252.23,44.44,207.79,425.69,82.11,343.58,,,,,,
2023,2023-06-01,KRYS,116.83999633789062,40.59,26.94,13.65,66.82,46.09,20.73,13.51,44.44,-30.93,158.27,82.11,76.16,,,,,,
2023,2023-06-01,CELH,44.43000030517578,68.8,26.94,41.86,-35.54,46.09,-81.63,-9.79,44.44,-54.23,-36.98,82.11,-119.09,,,,,,
2023,2023-06-01,CMG,41.64659881591797,47.74,26.94,20.8,45.37,46.09,-0.72,26.3,44.44,-18.14,-29.72,82.11,-111.83,,,,,,
2023,2023-07-03,NVDA,42.330528259277344,202.55,26.0,176.55,226.25,34.44,191.81,277.48,43.5,233.98,379.04,75.82,303.22,,,,,,
2023,2023-07-03,CELH,49.42333221435547,16.38,26.0,-9.62,-44.97,34.44,-79.41,-7.76,43.5,-51.26,-38.25,75.82,-114.07,,,,,,
2023,2023-07-03,KRYS,116.88999938964844,51.9,26.0,25.9,33.89,34.44,-0.55,22.62,43.5,-20.88,217.6,75.82,141.78,,,,,,
2023,2023-07-03,ORCL,112.69082641601562,25.01,26.0,-0.99,44.49,34.44,10.05,105.31,43.5,61.81,27.53,75.82,-48.29,,,,,,
2023,2023-07-03,CMG,42.47079849243164,44.99,26.0,18.99,41.01,34.44,6.57,30.56,43.5,-12.94,-18.53,75.82,-94.35,,,,,,
2023,2023-08-01,NVDA,46.41656494140625,134.9,20.62,114.28,150.96,33.64,117.32,283.53,41.23,242.3,371.79,74.76,297.03,,,,,,
2023,2023-08-01,VICR,88.0,-55.1,20.62,-75.72,-46.38,33.64,-80.02,-46.69,41.23,-87.92,148.55,74.76,73.79,,,,,,
2023,2023-08-01,KRYS,130.22000122070312,52.65,20.62,32.03,22.12,33.64,-11.52,5.48,41.23,-35.75,147.8,74.76,73.04,,,,,,
2023,2023-08-01,RR.L,185.21177673339844,140.05,20.62,119.43,214.6,33.64,180.96,443.09,41.23,401.86,645.06,74.76,570.3,,,,,,
2023,2023-08-01,CELH,47.47666549682617,-5.64,20.62,-26.26,-49.95,33.64,-83.59,-9.98,41.23,-51.21,-49.93,74.76,-124.69,,,,,,
2023,2023-08-01,ORCL,113.81993865966795,18.22,20.62,-2.4,45.63,33.64,11.99,122.1,41.23,80.87,26.05,74.76,-48.71,,,,,,
2023,2023-09-01,VRT,39.72588348388672,88.48,23.82,64.66,113.67,30.26,83.41,206.31,47.63,158.68,544.34,75.25,469.09,,,,,,
2023,2023-09-01,ANF,54.5,156.26,23.82,132.44,57.85,30.26,27.59,75.03,47.63,27.4,158.13,75.25,82.88,,,,,,
2023,2023-09-01,RR.L,219.0547790527344,126.56,23.82,102.74,233.91,30.26,203.65,388.42,47.63,340.79,598.55,75.25,523.3,,,,,,
2023,2023-09-01,DELL,64.98703002929688,62.75,23.82,38.93,37.52,30.26,7.26,86.89,47.63,39.26,553.98,75.25,478.73,,,,,,
2023,2023-09-01,FN,160.52000427246094,40.28,23.82,16.46,20.75,30.26,-9.51,130.92,47.63,83.29,150.48,75.25,75.23,,,,,,
2023,2023-09-01,PSN,57.18999862670898,63.26,23.82,39.44,5.21,30.26,-25.05,31.14,47.63,-16.49,-18.92,75.25,-94.17,,,,,,
2023,2023-09-01,ORCL,116.73517608642578,17.98,23.82,-5.84,30.67,30.26,0.41,101.99,47.63,54.36,21.06,75.25,-54.19,,,,,,
2023,2023-10-02,VRT,38.27115631103516,166.67,34.93,131.74,55.01,20.61,34.4,325.04,61.23,263.81,,,,,,,,,
2023,2023-10-02,ANF,58.310001373291016,129.33,34.93,94.4,25.76,20.61,5.15,33.56,61.23,-27.67,,,,,,,,,
2023,2023-10-02,RR.L,216.5553131103516,143.4,34.93,108.47,256.05,20.61,235.44,437.23,61.23,376.0,,,,,,,,,
2023,2023-10-02,FN,168.36000061035156,39.01,34.93,4.08,1.59,20.61,-19.02,119.94,61.23,58.71,,,,,,,,,
2023,2023-10-02,AKAM,106.83000183105467,-5.66,34.93,-40.59,-31.02,20.61,-51.63,-26.57,61.23,-87.8,,,,,,,,,
2023,2023-11-01,ANF,62.130001068115234,111.27,36.93,74.34,12.14,35.42,-23.28,13.31,64.46,-51.15,,,,,,,,,
2023,2023-11-01,DELL,65.81392669677734,93.53,36.93,56.6,43.13,35.42,7.71,129.48,64.46,65.02,,,,,,,,,
2023,2023-11-01,FN,153.72999572753906,57.76,36.93,20.83,36.54,35.42,1.12,216.73,64.46,152.27,,,,,,,,,
2023,2023-12-01,GAP,19.39048385620117,26.1,33.32,-7.22,9.02,33.11,-24.09,33.94,53.22,-19.28,,,,,,,,,
2023,2023-12-01,PATH,25.040000915527344,-42.57,33.32,-75.89,-47.24,33.11,-80.35,-25.44,53.22,-78.66,,,,,,,,,
2023,2023-12-01,LULU,466.6099853515625,-26.99,33.32,-60.31,-43.15,33.11,-76.26,-59.28,53.22,-112.5,,,,,,,,,
2023,2023-12-01,IT,441.1400146484375,16.89,33.32,-16.43,-4.21,33.11,-37.32,-47.91,53.22,-101.13,,,,,,,,,
2023,2023-12-01,WDAY,272.9200134277344,-5.81,33.32,-39.13,-7.4,33.11,-40.51,-19.4,53.22,-72.62,,,,,,,,,
2023,2023-12-01,CRM,255.5783843994141,28.04,33.32,-5.28,6.34,33.11,-26.77,1.27,53.22,-51.95,,,,,,,,,
2023,2023-12-01,LOPE,137.6999969482422,20.82,33.32,-12.5,41.03,33.11,7.92,11.39,53.22,-41.83,,,,,,,,,
